/*Dæmi 1*/
CREATE DATABASE 2512982709_tinyvideo;

USE 2512982709_tinyvideo;

CREATE TABLE PRICE(
	PRICE_CODE INT NOT NULL,
	PRICE_DESCRIPTION VARCHAR(255),
	PRICE_RENTFEE DECIMAL(13, 2),
	PRICE_DAILYLATEFEE DECIMAL(13, 2),
	PRIMARY KEY(PRICE_CODE)
);
CREATE TABLE MOVIE(
	MOVIE_NUM INT NOT NULL PRIMARY KEY,
	MOVIE_TITLE VARCHAR(255),
	MOVIE_YEAR INT(4),
	MOVIE_COST DECIMAL(13, 2),
	MOVIE_GENRE VARCHAR(255),
	PRICE_CODE INT NOT NULL,
	FOREIGN KEY(PRICE_CODE) REFERENCES PRICE(PRICE_CODE)
);
CREATE TABLE VIDEO(
	VID_NUM INT(8) NOT NULL PRIMARY KEY,
	VID_INDATE DATE,
	MOVIE_NUM INT(8),
	FOREIGN KEY(MOVIE_NUM) REFERENCES MOVIE(MOVIE_NUM)
);
CREATE TABLE MEMBERSHIP(
	MEM_NUM INT(8) NOT NULL,
	MEM_FNAME VARCHAR(255) NOT NULL,
	MEM_LNAME VARCHAR(255) NOT NULL,
	MEM_STREET VARCHAR(255),
	MEM_CITY VARCHAR(255),
	MEM_STATE VARCHAR(2),
	MEM_ZIP INT(5),
	MEM_BALANCE INT,
	PRIMARY KEY(MEM_NUM)
);
CREATE TABLE RENTAL(
	RENT_NUM INT(8) NOT NULL ,
	RENT_DATE DATE,
	MEM_NUM INT(8),
	PRIMARY KEY(RENT_NUM),
	FOREIGN KEY(MEM_NUM) REFERENCES MEMBERSHIP(MEM_NUM)
);
CREATE TABLE DETAILRENTAL(
	RENT_NUM INT(8) NOT NULL,
	VID_NUM INT(8) NOT NULL,
	DETAIL_FEE DECIMAL(13, 2),
	DETAIL_DUEDATE DATE,
	DETAIL_RETURNDATE DATE,
	DETAIL_DAILYLATEFEE DECIMAL(13, 2),
	PRIMARY KEY(RENT_NUM, VID_NUM),
	FOREIGN KEY(RENT_NUM) REFERENCES RENTAL(RENT_NUM),
	FOREIGN KEY(VID_NUM) REFERENCES VIDEO(VID_NUM)
);

/*Dæmi 2*/
/*Hérna bæti ég við gögnunum sem eru í memebership*/
INSERT INTO MEMBERSHIP(MEM_NUM, MEM_FNAME, MEM_LNAME, MEM_STREET, MEM_CITY, MEM_STATE, MEM_ZIP, MEM_BALANCE) VALUES
(102, "Tami", "Dawson", "2632 Takli Circle", "Norene", "TN", 37136, 11),
(103, "Curt", "Knight", "4025 Cornell Court", "Flatgap", "KY", 41219, 6),
(104, "Jamal", "Melendez", "788 East 145th Avenue", "Quebeck", "TN", 38579, 0),
(105, "Iva", "Mcclain", "6045 Musket Ball Circle", "Summit", "KY", 42783, 15),
(106, "Miranda", "Parks", "4469 Maxwell Place", "Germantown", "TN", 38183, 0),
(107, "Rosario", "Elliot", "7578 Danner Avenue", "Columbia", "TN", 38402, 5),
(108, "Mattie", "Guy", "4390 Evergreen Street", "Lily", "KY", 40740, 0),
(109, "Clint", "Ochoa", "1711 Elm Street", "Greeneville", "TN", 37745, 10),
(110, "Lewis", "Rosales", "4524 Southwind Circle", "Counce", "TN", 38326, 0),
(111, "Stacy", "Mann", "2789 East Cook Avenue", "Murfreesboro", "TN", 37132, 8),
(112, "Luis", "Trujillo", "7267 Melvin Avenue", "Heiskell", "TN", 37754, 3),
(113, "Minnie", "Gonzales", "6430 Vasili Drive", "Williston", "TN", 38076, 0)
/*Hérna bæti ég við gögnunum sem eru í rental*/
INSERT INTO RENTAL(RENT_NUM, RENT_DATE, MEM_NUM) VALUES 
(1001, '2009-03-01', 103),
(1002, '2009-03-01', 105),
(1003, '2009-03-02', 102),
(1004, '2009-03-02', 110),
(1005, '2009-03-02', 111),
(1006, '2009-03-02', 107),
(1007, '2009-03-02', 104),
(1008, '2009-03-03', 105),
(1009, '2009-03-03', 111)
/*Hérna bæti ég við gögnunum sem eru í detailrental*/
INSERT INTO DETAILRENTAL(RENT_NUM, VID_NUM, DETAIL_FEE, DETAIL_DUEDATE, DETAIL_RETURNDATE, DETAIL_DAILYLATEFEE) VALUES
(1001, 34342, 2, '2009-03-04', '2009-03-02', 1),
(1001, 61353, 2, '2009-03-04', '2009-03-03', 1),
(1002, 59237, 3.5, '2009-03-04', '2009-03-04', 3),
(1003, 54325, 3.5, '2009-03-04', '2009-03-09', 3),
(1003, 61369, 2, '2009-03-06', '2009-03-09', 1),
(1003, 61388, 0, '2009-03-05', '2009-03-09', 1),
(1004, 44392, 3.5, '2009-03-05', '2009-03-07', 3),
(1004, 34367, 3.5, '2009-03-05', '2009-03-07', 3),
(1004, 34341, 2, '2009-03-07', '2009-03-07', 1),
(1005, 34342, 2, '2009-03-07', '2009-03-05', 1),
(1005, 44397, 3.5, '2009-03-05', '2009-03-05', 3),
(1006, 34366, 3.5, '2009-03-05', '2009-03-04', 3),
(1006, 61367, 2, '2009-03-07', NULL, 1),
(1007, 34368, 3.5, '2009-03-05', NULL, 3),
(1008, 34369, 3.5, '2009-03-05', '2009-03-05', 3),
(1009, 54324, 3.5, '2009-03-05', NULL, 3),
(1001, 34366, 3.5, '2009-03-04', '2009-03-02', 3)
/*Hérna bæti ég við gögnunum sem eru í video*/
INSERT INTO VIDEO(VID_NUM, VID_INDATE, MOVIE_NUM) VALUES 
(54321, '2008-06-18', 1234),
(54324, '2008-06-18', 1234),
(54325, '2008-06-18', 1234),
(34341, '2007-01-07', 1235),
(34342, '2007-01-07', 1235),
(34366, '2009-03-02', 1236),
(34367, '2009-03-02', 1236),
(34368, '2009-03-02', 1236),
(34369, '2009-03-02', 1236),
(44392, '2008-10-21', 1237),
(44397, '2008-10-21', 1237),
(59237, '2007-02-17', 1237),
(61388, '2007-01-25', 1239),
(61353, '2006-01-28', 1245),
(61354, '2006-01-28', 1245),
(61367, '2008-07-30', 1246),
(61369, '2008-07-30', 1246)
/*Hérna bæti ég við gögnunum sem eru í movie*/
INSERT INTO MOVIE(MOVIE_NUM, MOVIE_TITLE, MOVIE_YEAR, MOVIE_COST, MOVIE_GENRE, PRICE_CODE) VALUES
(1234, "The Cesar Family Christmas", 2007, 39.95, "FAMILY", 2),
(1235, "Smokey Mountain Wildlife", 2004, 59.95, "ACTION", 1),
(1236, "Richard Goodhope", 2008, 59.95, "DRAMA", 2),
(1237, "Beatnik Fever", 2007, 29.95, "COMEDY", 2),
(1238, "Constant Companion", 2008, 89.95, "DRAMA", 2),
(1239, "Where Hope Dies", 1998, 25.49, "DRAMA", 3),
(1245, "Time to Burn", 2005, 45.49, "ACTION", 1),
(1246, "What He Doesn't Know", 2006, 58.29, "COMEDY", 1)
/*Hérna bæti ég við gögnunum sem eru í price*/
INSERT INTO PRICE(PRICE_CODE, PRICE_DESCRIPTION, PRICE_RENTFEE, PRICE_DAILYLATEFEE) VALUES
(1, "Standard", 2, 1),
(2, "New Release", 3.5, 3),
(3, "Discount", 1.5, 1),
(4, "Weekly Special", 1, 1)

/*Dæmi 3*/
SELECT MOVIE_TITLE, MOVIE_YEAR, MOVIE_COST FROM MOVIE
WHERE MOVIE_TITLE LIKE '%hope%'

/*Dæmi 4*/
SELECT MOVIE_TITLE, MOVIE_YEAR, MOVIE_GENRE FROM MOVIE
WHERE MOVIE_GENRE = 'Action'

/*Dæmi 5*/
SELECT MOVIE_NUM, MOVIE_TITLE, MOVIE_COST FROM MOVIE
WHERE MOVIE_COST >= 40 

/*Dæmi 6*/
SELECT MOVIE_NUM, MOVIE_TITLE, MOVIE_COST, MOVIE_GENRE FROM MOVIE
WHERE (MOVIE_GENRE = 'Action' OR MOVIE_GENRE = 'Comedy') OR (MOVIE_COST <= 50)
ORDER BY MOVIE_GENRE

/*Dæmi 7*/
SELECT MOVIE_NUM, CONCAT(MOVIE_TITLE, MOVIE_YEAR) AS "MOVIE"
FROM MOVIE

/*Dæmi 8*/
SELECT MOVIE_GENRE, COUNT(*) AS "NUMBER OF MOVIES"
FROM MOVIE
GROUP BY MOVIE_GENRE

/*Dæmi 9*/
SELECT AVG(MOVIE_COST) AS "AVERAGE MOVIE COST"
FROM MOVIE

/*Dæmi 10*/
SELECT MOVIE_GENRE, AVG(MOVIE_COST) AS "AVERAGE_COST"
FROM MOVIE
GROUP BY MOVIE_GENRE

/*Dæmi 11*/
SELECT MOVIE_TITLE, MOVIE_GENRE, PRICE_DESCRIPTION, PRICE_RENTFEE
FROM MOVIE, PRICE
WHERE MOVIE.PRICE_CODE = PRICE.PRICE_CODE

/*Dæmi 12*/
SELECT MOVIE_GENRE, AVG(PRICE_RENTFEE) AS "AVERAGE RENTAL FEE"
FROM MOVIE, PRICE
WHERE MOVIE.PRICE_CODE = PRICE.PRICE_CODE
GROUP BY MOVIE_GENRE

/*Dæmi 13*/
SELECT MOVIE_TITLE, MOVIE_YEAR, MOVIE_COST / PRICE_RENTFEE AS "BREAKEVEN RENTALS"
FROM MOVIE, PRICE
WHERE MOVIE.PRICE_CODE = PRICE.PRICE_CODE

/*Dæmi 14*/
SELECT MOVIE_TITLE, MOVIE_YEAR
FROM MOVIE, PRICE
WHERE MOVIE.PRICE_CODE = PRICE.PRICE_CODE

/*Dæmi 15*/
SELECT MOVIE_TITLE, MOVIE_YEAR, MOVIE_COST
FROM MOVIE
WHERE MOVIE_COST BETWEEN 44.99 AND 49.99 

/*Dæmi 16*/
SELECT MOVIE_TITLE, MOVIE_YEAR, PRICE_DESCRIPTION, PRICE_RENTFEE, MOVIE_GENRE
FROM MOVIE, PRICE
WHERE MOVIE_GENRE = "COMEDY"
OR MOVIE_GENRE = "DRAMA"
OR MOVIE_GENRE = "FAMILY"
GROUP BY MOVIE_TITLE

/*Dæmi 17*/
SELECT MIN(MEM_BALANCE) AS "MINIMUM BALANCE", MAX(MEM_BALANCE) AS "MAXIMUM BALANCE", AVG(MEM_BALANCE) AS "AVERAGE BALANCE"
FROM MEMBERSHIP

/*Dæmi 18*/
SELECT CONCAT(MEM_FNAME, ' ', MEM_LNAME) AS "MEMBERSHIP NAME", CONCAT(MEM_STREET, ', ',  MEM_CITY, ', ', MEM_STATE, ' ', MEM_ZIP) AS "MEMBERSHIP ADDRESS"
FROM MEMBERSHIP

/*Dæmi 19*/
SELECT RENTAL.RENT_NUM, RENT_DATE, VIDEO.VID_NUM, MOVIE_TITLE, DETAIL_DUEDATE, DETAIL_RETURNDATE
FROM RENTAL, DETAILRENTAL, VIDEO, MOVIE 
WHERE RENTAL.RENT_NUM = DETAILRENTAL.RENT_NUM 
AND DETAILRENTAL.VID_NUM = VIDEO.VID_NUM 
AND VIDEO.MOVIE_NUM = MOVIE.MOVIE_NUM 
AND DETAIL_DUEDATE < DETAIL_RETURNDATE
ORDER BY RENTAL.RENT_NUM, MOVIE_TITLE

/*Dæmi 20*/
SELECT RENTAL.RENT_NUM, RENT_DATE, VIDEO.VID_NUM, MOVIE_TITLE, DETAIL_DUEDATE, DETAIL_RETURNDATE, DETAIL_RETURNDATE - DETAIL_DUEDATE AS "DAYS PAST DUE DATE"
FROM RENTAL, DETAILRENTAL, VIDEO, MOVIE 
WHERE RENTAL.RENT_NUM = DETAILRENTAL.RENT_NUM 
AND DETAILRENTAL.VID_NUM = VIDEO.VID_NUM 
AND VIDEO.MOVIE_NUM = MOVIE.MOVIE_NUM 
AND DETAIL_DUEDATE < DETAIL_RETURNDATE
ORDER BY `DAYS PAST DUE DATE`  DESC

/*Dæmi 21*/
SELECT RENTAL.RENT_NUM, RENT_DATE, MOVIE_TITLE, DETAIL_FEE
FROM RENTAL, DETAILRENTAL, VIDEO, MOVIE 
WHERE RENTAL.RENT_NUM = DETAILRENTAL.RENT_NUM 
AND DETAILRENTAL.VID_NUM = VIDEO.VID_NUM 
AND VIDEO.MOVIE_NUM = MOVIE.MOVIE_NUM 
AND DETAIL_DUEDATE >= DETAIL_RETURNDATE
ORDER BY RENTAL.RENT_NUM, MOVIE_TITLE

/*Dæmi 22*/
SELECT MEMBERSHIP.MEM_NUM, MEM_LNAME, MEM_FNAME, SUM(DETAILRENTAL.DETAIL_FEE) AS "RENTAL FEE REVENUE"
FROM MEMBERSHIP, RENTAL, DETAILRENTAL
WHERE MEMBERSHIP.MEM_NUM = RENTAL.MEM_NUM
AND RENTAL.RENT_NUM = DETAILRENTAL.RENT_NUM
GROUP BY MEMBERSHIP.MEM_NUM, MEM_LNAME, MEM_FNAME

/*Dæmi 23*/
SELECT MOVIE_NUM, MOVIE_GENRE, AVG(MOVIE_COST) AS "AVERAGE_COST", MOVIE_COST, (MOVIE_COST) AS "PERCENT DIFFERENCE"
FROM MOVIE
GROUP BY MOVIE_GENRE, MOVIE_NUM

/*Dæmi 24*/





